<?xml version="1.0" encoding="UTF-8" ?>
<!DOCTYPE tiles-definitions PUBLIC  "-//Apache Software Foundation//DTD Tiles Configuration 3.0//EN"  "http://tiles.apache.org/dtds/tiles-config_3_0.dtd">

<tiles-definitions>

    <!-- Base Definition -->
    <definition name="pcLayout" template="/modules/pc/views/_shared/layout.jsp">
        <put-attribute name="title" value="" />
    </definition>

    <definition name="pc-home-index" extends="pcLayout"><put-attribute name="body" value="/modules/pc/views/home/index.jsp" /></definition>
    <definition name="pc-account-login" extends="pcLayout"><put-attribute name="body" value="/modules/pc/views/account/login.jsp" /></definition>
    <definition name="pc-account-register" extends="pcLayout"><put-attribute name="body" value="/modules/pc/views/account/register.jsp" /></definition>
    <definition name="pc-error" extends="pcLayout"><put-attribute name="body" value="/modules/pc/views/_shared/error.jsp" /></definition>

</tiles-definitions>